"paper_id","full_citation","year","venue","doi_url","peer_review_status","query_family","discovery_source","extraction_depth","research_problem","unit_of_decision","human_role","when_human_is_involved","who_is_selected","selection_signal","competence_modelled","authority_modelled","authority_distinct_from_competence","judgment_representation","rationale_captured","scope_captured","provenance","disagreement_preserved","version_binding","expiry","revocation","supersession","contestability","reuse_supported","reuse_scope","authorization_checked","validity_checked","target_context_checked","independent_target_evidence","local_vs_transferable_failure_classification","evaluation_type","dataset","participants","baseline","metrics","main_result","relationship_to_our_gap","exact_gap_effect","limitations","verified_source"
"G1-01","R. Verma, D. Barrejon, E. Nalisnick, 'Learning to Defer to Multiple Experts: Consistent Surrogate Losses, Confidence Calibration, and Conformal Ensembles', Proc. 26th Int. Conf. on Artificial Intelligence and Statistics (AISTATS), PMLR 206, pp. 11415-11434, 2023.","2023","AISTATS 2023 (PMLR 206)","https://proceedings.mlr.press/v206/verma23a.html","Tier A - peer-reviewed major conference","QL-02","Proposal reference [60]; re-verified via PMLR proceedings page","abstract_and_verified_quotation","Statistical foundations of deferring a prediction to one of several differentiated human experts: consistent surrogate losses, calibration, expert ensembling.","One classification instance x","Decision maker of last resort for deferred instances","At inference, when the learned deferral rule selects deferral for instance x","One of J named experts, or a conformal-inference-selected subset of experts","Estimated P(m_j = y | x) per expert j, i.e. instance-conditional expert correctness, plus model confidence","YES - explicitly, and conditioned on the specific instance x, not an aggregate per-expert score","NO","NO - authority absent entirely","The expert's output is a class label consumed as the system decision; no record object","NO","NO","NO","NO","NO","NO","NO","NO","NO","NO - the deferred label is a one-shot decision","not_applicable","NO","NO","NO","NO","NO","Offline benchmark experiments with simulated and human-derived expert labels","Galaxy morphology classification, skin lesion classification, hate speech classification","No live human participants; expert labels drawn from existing annotations","Single-expert L2D surrogates (Mozannar and Sontag 2020; Verma and Nalisnick 2022)","System accuracy and calibration error at varying deferral rates","Two consistent multi-expert surrogates derived; the softmax parameterisation propagates mis-calibration between expert estimates while the one-vs-all parameterisation does not; conformal selection of an expert subset is proposed.","POSSIBLE_REFUTER","Refutes the specific wording that multi-expert deferral conditions only on an aggregate competence profile over a task distribution. Instance-conditional per-expert competence must be conceded. GAP-1 survives only as the competence-AND-authority conjunction plus the claim-level unit and budgeted evaluation.","Requires per-expert ground-truth outcome labels; fixed known expert panel; single true label per instance, so no representation of several defensible readings; no attention-budget or selective-risk evaluation of the routing decision.","PMLR v206 proceedings page; abstract quoted verbatim; page range matches proposal reference [60]"
"G1-02","A. Mao, C. Mohri, M. Mohri, Y. Zhong, 'Two-Stage Learning to Defer with Multiple Experts', Advances in Neural Information Processing Systems 36, 2023.","2023","NeurIPS 2023","https://proceedings.neurips.cc/paper_files/paper/2023/hash/0b17d256cf1fe1cc084922a8c6b565b7-Abstract-Conference.html","Tier A - peer-reviewed major conference","QL-02","Proposal reference [61]; re-verified via NeurIPS proceedings","metadata_and_abstract","Two-stage learning to defer where a predictor is fixed first and a deferral rule then routes among multiple experts, with consistency guarantees.","One prediction instance","One of several experts who may receive the instance","At inference, on deferral","One of multiple experts","Expert-specific cost and accuracy, conditioned on the instance","YES - per-expert, instance-conditional","NO","NO","Expert prediction consumed as the decision; no record object","NO","NO","NO","NO","NO","NO","NO","NO","NO","NO","not_applicable","NO","NO","NO","NO","NO","Theoretical (realizable H-consistency bounds) with supporting experiments","not_reported","No live human participants","Single-stage and single-expert deferral formulations","Deferral loss, H-consistency bounds, accuracy-cost trade-off","Establishes realizable H-consistency for two-stage multi-expert deferral and derives corresponding surrogate losses.","POSSIBLE_REFUTER","Reinforces G1-01. Confirms that routing among differentiated experts, architecturally separated from the base predictor, is established prior art.","Expert differentiation by cost and accuracy only; no authority, scope or eligibility; label-supervised.","NeurIPS 2023 proceedings record (authors, title, venue, year). Page range 3578-3606 in reference [61] NOT independently confirmed."
"G1-03","N. Russell, W. M. P. van der Aalst, A. H. M. ter Hofstede, D. Edmond, 'Workflow Resource Patterns: Identification, Representation and Tool Support', Advanced Information Systems Engineering (CAiSE 2005), LNCS 3520, pp. 216-232, 2005.","2005","CAiSE 2005, LNCS 3520","https://doi.org/10.1007/11431855_16","Tier A - peer-reviewed major conference","QL-02 (adjacent: BPM resource allocation)","Adjacent-literature search mandated by proposal Section 2.6; web search plus Springer record","pattern_catalogue_and_documentation_review","The resource perspective of workflow had been neglected relative to control flow; the paper identifies and formalises the patterns by which work items are distributed to and executed by participants.","One work item (an activity instance in a running process case)","Participant who is offered, allocated or required to execute the work item","At work-item creation, offer, allocation and start, i.e. by design at every distribution point","A participant or set of participants resolved against an organisational model","Pattern-dependent: role membership, declared capability, organisational position, execution history, or prior familiarity with the case","PARTIAL - Capability-Based Distribution matches DECLARED capability attributes; competence is not assessed from evidence","YES - the Authorisation pattern plus Separation of Duties and Binding of Duties constrain who MAY execute the item","YES - capability-based distribution and authorisation are separate, independently specifiable patterns in the same catalogue","Work-item state transitions and execution records; not a judgment record","NO","PARTIAL - the constraint applies to the specified activity type","PARTIAL - work-item execution history is retained","NO","NO","NO","PARTIAL - work items can be deallocated or reoffered","NO","NO","PARTIAL - History-Based Distribution and Retain Familiar reuse past allocation outcomes","Within the same process model and organisational model","YES - by design, per work item","NO","NO","NO","NO","Pattern identification and expressiveness assessment; tool support demonstration; no controlled outcome study","Commercial and open-source workflow product feature analysis","not_applicable","Comparative expressiveness of contemporary workflow systems","Pattern support coverage per product","A catalogue of resource patterns including Role-Based and Capability-Based Distribution, Authorisation, Separation of Duties and History-Based Distribution, with an assessment of how poorly contemporary workflow systems supported them.","POSSIBLE_REFUTER","The single closest structural match to GAP-1: one framework jointly represents a capability requirement and an authorisation constraint for a specific work item. GAP-1 must be narrowed from competence and authority are not represented together to ASSESSED, claim-specific competence has not been combined with authority in an evaluated routing policy.","Capability is declared, not assessed; unit is a work item with a defined completion criterion rather than a contested claim; a design vocabulary rather than an evaluated policy; no accuracy, budget or risk outcome reported.","Crossref (DOI, pages 216-232, 2005) and Springer chapter record; workflowpatterns.com documentation for pattern names. NOTE: the Crossref container-title for this DOI is corrupted to an unrelated series."
"G1-04","E. Bertino, E. Ferrari, V. Atluri, 'The specification and enforcement of authorization constraints in workflow management systems', ACM Transactions on Information and System Security 2(1), pp. 65-104, 1999.","1999","ACM TISSEC 2(1)","https://doi.org/10.1145/300830.300837","Tier A - peer-reviewed journal","QL-02 (adjacent: BPM authority)","Adjacent-literature search; Crossref bibliographic query","metadata_and_abstract","How to specify and enforce, formally, which roles and users may execute which workflow tasks, including constraints spanning several tasks.","One workflow task assignment","Authorised or unauthorised executor of a task","At task assignment and execution","A user or role satisfying the authorisation constraints","Role membership and constraint satisfaction, including static and dynamic separation of duty and binding of duty","NO","YES - formally specified and algorithmically enforced","NA - only authority is modelled; competence is absent","Task execution assignment records","NO","YES - authorisation is scoped to specified tasks and constraint windows","PARTIAL - execution history is used for dynamic constraints","NO","NO","PARTIAL - dynamic constraints are evaluated relative to case state","PARTIAL - authorisations can be revoked in the model","NO","NO","NO","not_applicable","YES","NO","NO","NO","NO","Formal - language definition, consistency results, and enforcement algorithm with complexity analysis","not_applicable","not_applicable","Prior role-based access control models","Formal correctness and complexity","A logic-based constraint language and an enforcement algorithm assigning users and roles to workflow tasks while satisfying all declared authorisation constraints.","PARTIAL_PREDECESSOR","Establishes authority modelling as mature prior art. The proposal must stop treating authority representation as unaddressed and instead argue that authority has never been conditioned on assessed competence for a contested interpretation.","No competence, skill or accuracy notion; authorisation is orthogonal to whether the authorised actor decides well; no contested-interpretation concept.","Crossref (DOI, journal, volume, pages 65-104, 1999)"
"G1-05","L. Pufahl, F. Stiehle, S. Ihde, M. Weske, I. Weber, 'Resource allocation in business process executions - A systematic literature study', Information Systems, art. 102541, 2025.","2025","Information Systems (Elsevier)","https://doi.org/10.1016/j.is.2025.102541","Tier A - peer-reviewed journal (systematic review)","QL-02 (adjacent: BPM resource allocation)","Adjacent-literature search; web search then Crossref and OpenAlex verification","abstract_via_openalex","What the literature on system-initiated resource allocation during business process execution actually does: which goals, inputs, criteria and methods it uses.","One process activity instance requiring a resource","Allocated resource","At allocation time during process execution","A resource satisfying allocation goals and constraints","Across 61 primary studies: resource and task attributes, process models and execution data","PARTIAL across the corpus - resource capability and expertise appear as allocation attributes","PARTIAL across the corpus - role constraints restrict which resources may perform an activity","PARTIAL - both appear as separate attribute families, but the review reports no approach evaluated on their joint, evidence-conditioned use","not_applicable","NO","not_reported","not_reported","NO","NO","NO","NO","NO","NO","not_reported","not_reported","PARTIAL - via role constraints","NO","NO","NO","NO","Systematic literature study","61 primary studies published 1995-2023","not_applicable","not_applicable","Classification coverage across allocation goals, inputs, criteria and methods","Reviewed approaches are predominantly rule-based and process-oriented, mostly 1-to-1 allocations; the review explicitly calls for consistent terminology, evidence-oriented allocation methods with greater adaptability, and comparative benchmarking to improve reproducibility.","SUPPORTING_BACKGROUND","The decisive evidence that GAP-1 survives as NARROWED rather than refuted: the adjacent literature's own 2025 systematic review reports that its allocation methods are not evidence-oriented and are not comparatively benchmarked. Must replace the proposal's bare statement that BPM has not been searched.","A review, not an approach; scope is system-initiated allocation of process activities, so claim-level interpretive routing falls outside its unit of analysis; corpus ends 2023.","Crossref (DOI, journal, 2025) and OpenAlex (authors, abstract, scope)"
"G1-06","M. Arias, E. Rojas, J. Munoz-Gama, M. Sepulveda, 'A Framework for Recommending Resource Allocation Based on Process Mining', Business Process Management Workshops, LNBIP, pp. 458-470.","2016","BPM Workshops (LNBIP)","https://doi.org/10.1007/978-3-319-42887-1_37","Tier B - peer-reviewed workshop","QL-02 (adjacent: BPM resource allocation)","Adjacent-literature search; Crossref bibliographic query","metadata_and_abstract","How to recommend which resource should perform an activity, using evidence of past performance mined from event logs.","One process activity instance","Recommended resource","At allocation decision time","The resource ranked best for the activity by mined performance evidence","Historical performance metrics derived from event logs per resource and activity type","YES - ASSESSED from event-log evidence rather than declared; the closest BPM analogue to assessed competence","NO - not jointly modelled in the recommendation","NO","not_applicable","NO","PARTIAL - per activity type","PARTIAL - recommendations trace to event-log evidence","NO","NO","NO","NO","NO","NO","YES - past performance evidence is reused to inform later allocations","Same process and activity types within the mined organisation","NO","NO","NO","NO","NO","Framework proposal with illustrative application","Process event logs","not_applicable","not_reported","Allocation performance proxies","A framework that derives resource-allocation recommendations from process-mining evidence of historical resource performance.","POSSIBLE_REFUTER","Closes the escape route that BPM has no assessed competence. GAP-1's residual must rest on the joint competence-and-authority decision, the claim-level unit, and budgeted evaluation.","Competence assessed at activity-type granularity, not for one contested claim; authority absent; recommends rather than governs; workshop-level evidence.","Crossref (DOI, pages 458-470)"
"G1-07","C. Cabanillas, D. Knuplesch, M. Resinas, M. Reichert, J. Mendling, A. Ruiz-Cortes, 'RALph: A Graphical Notation for Resource Assignments in Business Processes', Advanced Information Systems Engineering (CAiSE 2015), LNCS, pp. 53-68, 2015.","2015","CAiSE 2015, LNCS","https://doi.org/10.1007/978-3-319-19069-3_4","Tier A - peer-reviewed major conference","QL-02 (adjacent: BPM resource allocation)","Adjacent-literature search; Crossref bibliographic query","metadata_and_abstract","How to express, graphically and formally, which resources may be assigned to a process activity.","One process activity","Assignable resource","At design time (specification) and at resolution time","Resources satisfying the assignment expression against an organisational model","Organisational position, role, declared capability, duty-separation and history conditions","PARTIAL - declared capability requirements only","YES - organisational position and duty-separation conditions","YES - capability and position are separate expressible conditions","not_applicable","NO","YES - scoped to the specified activity","NO","NO","NO","NO","NO","NO","NO","PARTIAL - history-based conditions","Same process model","YES","NO","NO","NO","NO","Notation design plus formal semantics and expressiveness evaluation against the resource patterns","not_applicable","not_reported","RAL and the workflow resource patterns","Expressiveness coverage and automated resolution","A graphical, formally grounded notation for resource assignment conditions, resolvable automatically against an organisational model.","PARTIAL_PREDECESSOR","Confirms that jointly expressing capability and organisational authority is routine in BPM. Contributes to GAP-1's narrowing.","Declarative constraints over declared attributes; no assessed competence; no policy evaluation against outcomes.","Crossref (DOI, pages 53-68, 2015)"
"G1-08","Regulation (EU) 2024/1689 of the European Parliament and of the Council laying down harmonised rules on artificial intelligence (Artificial Intelligence Act), Article 26(2).","2024","Official Journal of the European Union (binding regulation)","https://artificialintelligenceact.eu/article/26/","Tier A - authoritative legal standard","QL-01","Adversarial search for authority-plus-competence conjunctions; verified against consolidated article text","verbatim_provision_quotation","Obligations on deployers of high-risk AI systems, including the assignment of human oversight.","Assignment of the oversight duty for a high-risk AI system, at role level rather than claim level","Assigned human overseer","Throughout deployment, as specified by the oversight measures","Natural persons assigned by the deployer","Necessary competence, training and authority, plus necessary support","YES - required as a normative precondition, with no assessment method specified","YES - required as a normative precondition","YES - competence, training and authority are enumerated as distinct requirements in the same provision","not_applicable","NO","PARTIAL - scoped to the high-risk system deployed","NO","NO","NO","NO","NO","NO","PARTIAL - the Regulation provides complaint and explanation rights elsewhere","not_applicable","not_applicable","not_applicable","not_applicable","not_applicable","not_applicable","not_applicable","Legal instrument - no empirical evaluation","not_applicable","not_applicable","not_applicable","not_applicable","Article 26(2): Deployers shall assign human oversight to natural persons who have the necessary competence, training and authority, as well as the necessary support.","NEAR_MISS","Removes any claim that conjoining competence and authority is conceptually novel, since binding regulation already mandates it. Novelty must be relocated to operationalisation: a per-claim, evidence-conditioned, budgeted and evaluated routing policy. Simultaneously strengthens the practical motivation for Study 1.","States a requirement, not a mechanism. No per-claim selection procedure, no competence assessment method, no evaluation.","Consolidated Article 26 text quoted verbatim. The candidate should re-verify against the EUR-Lex Official Journal text before citing."
"G2-01","T. Clark, P. N. Ciccarese, C. A. Goble, 'Micropublications: a semantic model for claims, evidence, arguments and annotations in biomedical communications', Journal of Biomedical Semantics 5:28, 2014.","2014","Journal of Biomedical Semantics","https://doi.org/10.1186/2041-1480-5-28","Tier A - peer-reviewed journal","QL-03","Adjacent-literature search on claim-level records; Crossref and OpenAlex verification","abstract_via_openalex","Scientific publications are defeasible arguments supported by data and methods, but the linear document form makes evidence unverifiable and citation chains unreliable; a machine-tractable claim-level model is needed.","One CLAIM, a single natural-language statement","Author or claimant, and challenger of others' claims","At authoring, annotation, review and challenge","not_applicable","not_applicable","NO - identity attribution only, no competence estimate","NO - attribution is not mandate","NO - neither is modelled as a decision right","OWL 2 / RDF model: claim plus attribution plus supporting data, methods and materials plus the connecting argument plus discussion, challenges and opposition","YES - the argument connecting evidence to the claim is explicit","NO - no validity scope on the claim","YES - claim provenance and evidence chains are first class","YES - the model explicitly supports challenge and disagreement, and maximal forms include challenges brought forward or opposition","PARTIAL - claims are individually identified and RDF-serialisable; no binding to a versioned target artefact","NO","NO","NO","YES - challenge is a modelled relation between claims","PARTIAL - claims are citable and machine-readable, so they can be referenced later","Scholarly citation and annotation; no governed reuse decision","NO","NO","NO","NO","NO","Model specification with RDF examples and case studies; no controlled evaluation of capture cost or reconstructability","Biomedical literature examples","not_applicable","Nanopublications and simpler statement-based models","None reported - an expressiveness argument rather than measurement","A semantic model providing claims with attribution, evidence, methods, argument and retained challenge, serialisable in RDF with an OWL 2 vocabulary, presented as necessary where simpler statement-based models are insufficient for qualified, nuanced assertions.","POSSIBLE_REFUTER","Directly narrows Section 2.4's claim that no record format combines reasoning-level content, retained disagreement and provenance at claim level - it does. GAP-2's residual reduces to validity scope, competence and authority, and a lifecycle that can lapse. Must be cited.","No scope, competence, authority, expiry, revocation or supersession; no evaluation of capture cost or blind reconstructability; biomedical scholarly-communication setting.","Crossref (DOI, journal, article 28, 2014) and OpenAlex (authors, abstract)"
"G2-02","P. Groth, A. Gibson, J. Velterop, 'The anatomy of a nanopublication', Information Services and Use 30(1-2), pp. 51-56, 2010.","2010","Information Services and Use","https://doi.org/10.3233/isu-2010-0613","Tier B - peer-reviewed journal (short position article)","QL-03","Adjacent-literature search on claim-level records; Crossref verification","metadata_and_abstract","How to publish and cite the smallest meaningful unit of scientific assertion so that it is machine-readable and individually attributable.","One assertion","Author and attributed source","At publication","not_applicable","not_applicable","NO","NO","NO","Assertion plus provenance plus publication information, immutably identified","NO - no argument structure","NO","YES - provenance is a constitutive component","NO - conflicting nanopublications may coexist but conflict is not modelled","YES - immutable and individually identified, giving version-exact citability","NO","PARTIAL - retraction is an ecosystem convention, not a modelled lifecycle state","PARTIAL - by publishing a superseding nanopublication, not by a modelled transition","NO","YES - individually citable and machine-consumable","Scholarly citation","NO","NO","NO","NO","NO","Conceptual specification; no empirical evaluation","not_applicable","not_applicable","Conventional article-level publication","None reported","Defines a nanopublication as an assertion together with its provenance and publication information, immutable and individually citable.","POSSIBLE_REFUTER","Concedes version-exact, claim-level provenance as established prior art, narrowing GAP-2's version-binding element.","Factual assertions rather than governed human judgments; no rationale, scope, authority, competence or modelled lifecycle; short position article.","Crossref (DOI, journal, volume, pages 51-56, 2010)"
"G2-03","J. Singh, J. Cobbe, C. Norval, 'Decision Provenance: Harnessing Data Flow for Accountable Systems', IEEE Access 7, pp. 6562-6574, 2019.","2019","IEEE Access","https://doi.org/10.1109/access.2018.2887201","Tier A - peer-reviewed journal","QL-03","Adjacent-literature search on decision-level provenance; Crossref verification","metadata_and_abstract","How to make decisions taken by data-driven and interconnected systems inspectable and accountable, including across organisational boundaries.","One system decision","Accountable party, auditor, and data subject seeking redress","After the decision, for audit, explanation and redress","not_applicable","not_applicable","NO","NO","NO","Provenance records of the data flows and processing steps that produced the decision","PARTIAL - the causal pipeline is recorded, not human reasoning","NO","YES - the central contribution","NO","PARTIAL - pipeline versions can be recorded","NO","NO","NO","PARTIAL - motivated by accountability and redress, but no modelled challenge relation","NO","not_applicable","NO","NO","NO","NO","NO","Conceptual and legal analysis with system-design implications; no controlled evaluation","not_applicable","not_applicable","General-purpose data provenance (PROV)","None reported","Argues for and frames decision provenance: applying provenance methods specifically to decision pipelines to support legal and organisational accountability.","POSSIBLE_REFUTER","Occupies the conceptual space between PROV-DM [47] and SQ2, and is absent from the anchor set. Its omission weakens the claim that the step from provenance to governed decision records is unmade.","Records how a decision was produced; does not make a human judgment a reusable governed object with scope, authority or a lapse condition; no adjudication of conflicting qualified judgments.","Crossref (DOI, journal, volume, pages 6562-6574, 2019)"
"G2-04","J. Doyle, 'A truth maintenance system', Artificial Intelligence 12(3), pp. 231-272, 1979.","1979","Artificial Intelligence","https://doi.org/10.1016/0004-3702(79)90008-0","Tier A - peer-reviewed journal","QL-03 (pre-2015, snowballing exception)","Mandatory adjacent-literature target named in proposal Section 2.6; Crossref verification","metadata_and_abstract","How a reasoning system should maintain a consistent set of beliefs when assumptions and justifications change, without recomputing everything.","One belief (assertion) in the belief store","not_applicable","not_applicable","not_applicable","not_applicable","NO","NO","NO","Node with justifications recording which other beliefs support it","PARTIAL - logical justification, not human rationale","PARTIAL - a belief holds only in contexts where its justification holds","YES - the justification structure is a dependency provenance record","NO - the system drives to one consistent state","NO","PARTIAL - a belief loses status when its justification lapses; the condition is logical, not temporal","YES - dependency-directed backtracking withdraws beliefs automatically when support is withdrawn","YES - beliefs are replaced when justifications change","NO","not_applicable","not_applicable","NO","YES - continuously, against current justification status","NO","NO","NO","Formal system design with worked examples","not_applicable","not_applicable","Non-monotonic reasoning without dependency tracking","None reported","A system that records justifications for beliefs and automatically retracts beliefs whose support is withdrawn, via dependency-directed backtracking.","PARTIAL_PREDECESSOR","Confirms the exposure the proposal itself declares. The consequence obliging an invalidated judgment to stop influencing decisions that Section 2.4 says provenance lacks is exactly what a TMS supplies. Section 2.4 must concede this and relocate its residual to human-authored, authority-bearing judgments.","Support is logical dependency, not an external validity condition such as a changed guideline or withdrawn mandate; no human agent, competence, authority, disagreement or human-readable rationale.","Crossref (DOI, journal, volume, pages 231-272, 1979)"
"G2-05","J. de Kleer, 'An assumption-based TMS', Artificial Intelligence 28(2), pp. 127-162, 1986.","1986","Artificial Intelligence","https://doi.org/10.1016/0004-3702(86)90080-9","Tier A - peer-reviewed journal","QL-03 (pre-2015, snowballing exception)","Mandatory adjacent-literature target named in proposal Section 2.6; Crossref verification","metadata_and_abstract","How to reason simultaneously in multiple, mutually inconsistent contexts rather than maintaining a single consistent belief state.","One assertion, labelled with the assumption sets under which it holds","not_applicable","not_applicable","not_applicable","not_applicable","NO","NO","NO","Node with a label of minimal assumption sets (environments) supporting it","PARTIAL - assumption-set support","YES - each assertion carries the assumption context in which it is valid","YES","YES - mutually inconsistent conclusions are maintained concurrently, each with its supporting context","NO","PARTIAL - contingent on assumption validity","YES","PARTIAL","PARTIAL - competing contexts coexist but there is no challenge procedure","not_applicable","not_applicable","NO","YES - per assumption environment","NO","NO","NO","Formal system design with complexity discussion and worked examples","not_applicable","not_applicable","Justification-based TMS (Doyle)","None reported","An assumption-based TMS that maintains all consistent contexts simultaneously, labelling each assertion with the minimal assumption sets under which it holds.","PARTIAL_PREDECESSOR","Supplies retained disagreement combined with explicit scope-of-validity, formally, in 1986. Narrows two of GAP-2's elements simultaneously.","Assumptions are propositional, not organisational scope or authority; no human attribution, competence or mandate-based revocation.","Crossref (DOI, journal, volume, pages 127-162, 1986)"
"G2-06","C. Gutierrez, C. A. Hurtado, A. Vaisman, 'Introducing Time into RDF', IEEE Transactions on Knowledge and Data Engineering 19(2), pp. 207-218, 2007.","2007","IEEE TKDE","https://doi.org/10.1109/tkde.2007.34","Tier A - peer-reviewed journal","QL-03","Adjacent-literature search on temporal validity and validity intervals; Crossref verification","metadata_and_abstract","RDF has no standard way to state that an assertion holds only over a period of time; a temporal semantics and entailment regime is needed.","One RDF triple with a temporal label","not_applicable","not_applicable","not_applicable","not_applicable","NO","NO","NO","Temporally labelled triple","NO","YES - temporal scope of validity","NO","NO","PARTIAL - temporal versions of a graph","YES - an assertion ceases to hold at the end of its validity interval, a lapse on a stated condition","PARTIAL","PARTIAL - by a later-interval assertion","NO","PARTIAL - temporal queries retrieve assertions valid at a stated time","Within the temporal graph","NO","YES - but strictly temporally","NO","NO","NO","Formal - semantics, entailment and complexity results","not_applicable","not_applicable","Atemporal RDF semantics","Formal complexity","A temporal extension of RDF with semantics and entailment, giving assertions explicit validity intervals.","POSSIBLE_REFUTER","Engages SQ2's second stated refutation condition head-on, a lifecycle state able to lapse on a stated condition, and satisfies it under a time-only reading. The proposal must tighten that condition to a non-temporal, policy-or-evidence-keyed lapse, or concede the point.","The lapse condition is strictly a time interval; it cannot express lapse on guideline change, mandate withdrawal or challenge by a more authorised reviewer; no rationale, competence, authority or disagreement.","Crossref (DOI, journal, volume, pages 207-218, 2007)"
"G2-07","A. Uma, T. Fornaciari, D. Hovy, S. Paun, B. Plank, M. Poesio, 'Learning from Disagreement: A Survey', Journal of Artificial Intelligence Research 72, pp. 1385-1470, 2021.","2021","JAIR","https://doi.org/10.1613/jair.1.12752","Tier A - peer-reviewed journal (survey)","QL-03","Adjacent-literature search on annotation disagreement; Crossref verification","metadata_and_abstract","How to treat systematic disagreement among qualified annotators as signal rather than noise, and how to train and evaluate models accordingly.","One annotation item and its label distribution","Annotator whose judgment is retained rather than aggregated away","At annotation time","not_applicable","not_applicable","PARTIAL - annotator reliability models appear in the surveyed corpus","NO","NO","Per-annotator labels or a soft label distribution rather than a single gold label","NO","NO","PARTIAL - annotator identity retained","YES - the central subject of the survey","NO","NO","NO","NO","NO","YES - as training and evaluation signal","Model training and evaluation","NO","NO","NO","NO","NO","Survey of methods, datasets and evaluation practices","Multiple annotation corpora surveyed","not_applicable","Majority-vote gold-standard aggregation","Soft-label and distribution-aware evaluation measures","Surveys and systematises methods that learn from annotator disagreement, showing that aggregating to a single gold label destroys recoverable information.","PARTIAL_PREDECESSOR","Section 2.4 currently rests the disagreement claim on a single 2015 AI Magazine article. Citing this survey removes an under-evidencing risk without weakening the gap, since none of the surveyed methods adjudicates to an authoritative verdict.","Concerns label distributions for model training; no per-judgment governed record, scope, authority or lifecycle; adjudication to a verdict is explicitly avoided rather than solved.","Crossref (DOI, journal, volume, pages 1385-1470, 2021)"
"G2-08","A. MacLean, R. M. Young, V. M. E. Bellotti, T. P. Moran, 'Questions, Options, and Criteria: Elements of Design Space Analysis', Human-Computer Interaction 6(3-4), pp. 201-250, 1991.","1991","Human-Computer Interaction","https://doi.org/10.1207/s15327051hci0603&4_2","Tier A - peer-reviewed journal","QL-03 (pre-2015, snowballing exception)","Adjacent-literature search on rationale capture; Crossref verification","metadata_and_abstract","How to represent the reasoning behind a design so that the alternatives considered and the criteria applied remain available to later readers.","One design question","Designer who states questions, options and criteria","During design deliberation and documentation","not_applicable","not_applicable","NO","NO","NO","Semi-formal QOC structure: questions, the options answering each, and the criteria assessing the options","YES - including the alternatives not chosen and why","PARTIAL - scoped to the design question","NO","PARTIAL - competing options and conflicting criteria are retained, though not attributed to disagreeing people","NO","NO","NO","NO","PARTIAL - the structure invites re-argument but specifies no challenge procedure","PARTIAL - the design space can be revisited","Later design work on the same artefact","NO","NO","NO","NO","NO","Conceptual framework with worked design examples; no controlled study of capture cost or later reconstruction","not_applicable","not_applicable","Narrative design documentation and IBIS-style rationale","None reported","A representation of design rationale as questions, options and criteria, making the considered design space explicit and inspectable.","PARTIAL_PREDECESSOR","Design rationale is an entire predecessor literature for SQ2 that the anchor set omits. Its absence is a genuine Chapter 2 coverage gap, not merely a missing citation. It does not close GAP-2 because it lacks authority, provenance binding and lifecycle.","No authority, competence, version binding, expiry or revocation; never evaluated for blind reconstructability or capture cost; design-time rather than governed operational record.","Crossref (DOI, journal, volume, pages 201-250, 1991)"
"G3-01","T. Zimmermann, N. Nagappan, H. Gall, E. Giger, B. Murphy, 'Cross-project defect prediction: a large scale experiment on data vs. domain vs. process', Proc. 7th Joint Meeting of the European Software Engineering Conference and the ACM SIGSOFT Symposium on the Foundations of Software Engineering (ESEC/FSE 2009), pp. 91-100, 2009.","2009","ESEC/FSE 2009","https://doi.org/10.1145/1595696.1595713","Tier A - peer-reviewed major conference","QL-04","Adjacent-literature search on transferable-versus-local failure attribution; Crossref verification","metadata_and_abstract","When does a defect predictor built on one software project actually work on a different project, and which data, domain and process characteristics determine that?","One source-to-target transfer decision (a project pair)","Analyst deciding whether to reuse a foreign predictor","Before reuse, at the transfer decision","not_applicable","not_applicable","NO","NO","NO","A fitted statistical prediction model, not a judgment record","NO","PARTIAL - transfer validity characterised per project pair","PARTIAL - the source project of each predictor is recorded","NO","NO","NO","NO","NO","NO","YES - reuse of a source predictor in a target project is the object of study","Across projects and organisations","NO","NO","YES - transfer is assessed against the target project's own characteristics","YES - measured against independent labelled outcomes in the target project","PARTIAL - determines empirically whether a predictive relationship is project-local or transfers, but does not attribute a recurring correction to a pipeline limitation versus a local cause","Large-scale controlled empirical experiment over many source-target pairs","Industrial and open-source projects yielding several hundred cross-project prediction pairs","not_applicable","Within-project prediction","Precision, recall and accuracy thresholds for transfer success","Cross-project transfer succeeded in only a small fraction of the tested pairs; transfer success depends systematically on data, domain and process characteristics rather than on similarity of domain alone.","POSSIBLE_REFUTER","The strongest challenge to GAP-3's methodological novelty. Empirical, target-evidence-based transfer testing per source-target pair is established software-engineering practice. GAP-3's residual must be located in the unit (one recorded human judgment, one reuse event) and in the joint similarity, applicability, authorisation, currency and benefit test.","The transferred object is a fitted model over labelled defect data, not one expert's judgment about one contested claim; no authorisation, validity or benefit gate on the individual reuse event.","Crossref (DOI, venue, pages 91-100, 2009)"
"G3-02","B. Turhan, T. Menzies, A. B. Bener, J. Di Stefano, 'On the relative value of cross-company and within-company data for defect prediction', Empirical Software Engineering 14(5), pp. 540-578, 2009.","2009","Empirical Software Engineering","https://doi.org/10.1007/s10664-008-9103-7","Tier A - peer-reviewed journal","QL-04","Adjacent-literature search on transfer with target evidence; Crossref verification","metadata_and_abstract","Is foreign, cross-company defect data useful when local data are scarce, and can irrelevant foreign data be filtered before use?","One reuse decision over foreign training data","Analyst deciding whether and how to admit foreign data","Before reuse","not_applicable","not_applicable","NO","NO","NO","Training instances and fitted predictors","NO","PARTIAL","PARTIAL - source company recorded","NO","NO","NO","NO","NO","NO","YES","Across companies","NO","NO","YES - nearest-neighbour relevancy filtering selects foreign instances similar to the target context","YES - evaluated against the target project's own defect outcomes","PARTIAL","Controlled empirical comparison","NASA MDP and Turkish software company datasets","not_applicable","Within-company models and unfiltered cross-company models","Probability of detection, probability of false alarm, balance","Unfiltered cross-company data inflate false alarms; nearest-neighbour relevancy filtering of foreign data makes cross-company prediction competitive with within-company models when local data are scarce.","POSSIBLE_REFUTER","Establishes similarity-plus-applicability filtering of foreign experience before it is allowed to act, validated against target outcomes. Reinforces the G3-01 narrowing of GAP-3.","Filtering is feature-space similarity only; no authorisation, currency or authority; no per-judgment decision; no explicit quirk-versus-capability-gap classification.","Crossref (DOI, journal, volume, pages 540-578, 2009)"
"G3-03","B. Chen, J. Tackman, M. Setala, T. Poranen, Z. Zhang, 'Integrating Access Control with Retrieval-Augmented Generation: A Proof of Concept for Managing Sensitive Patient Profiles', Proc. 40th ACM/SIGAPP Symposium on Applied Computing (SAC 2025), pp. 915-919, 2025.","2025","ACM SAC 2025","https://doi.org/10.1145/3672608.3707848","Tier B - peer-reviewed conference short paper","QL-04","Adversarial search on policy-governed retrieval; web search then Crossref verification","metadata_and_abstract","Standard RAG retrieves by similarity alone and can surface content the requesting user is not entitled to see; access control must be enforced within the retrieval pipeline.","One retrieval request and the passages admitted to the prompt","Requesting user whose entitlements determine what may be retrieved","At query time, as the subject of the authorisation decision","not_applicable","not_applicable","NO","PARTIAL - subject entitlement to read an object, not authority to decide","NA - competence absent","not_applicable","NO","NO","PARTIAL - document-level metadata","NO","NO","NO","PARTIAL - permission changes take effect at retrieval","NO","NO","YES - stored content is reused in later answers","Within the governed corpus, filtered by the requester's permissions","YES - enforced at the retrieval stage, before augmentation","NO","NO","NO","NO","Proof of concept with demonstration","Synthetic sensitive patient profiles","not_applicable","Unfiltered RAG","Access-control correctness of retrieved content","Demonstrates that fine-grained access control can be integrated into the RAG retrieval stage so that generated answers rest only on documents the requesting user is permitted to use.","POSSIBLE_REFUTER","Narrows Section 2.4's statement that retrieval carries no test of whether the passage may be used. True of vanilla RAG [58], no longer true of the 2025 retrieval literature. GAP-3's residual is currency, applicability and benefit, not authorisation.","Authorisation is subject-object read permission, not authority for a prior judgment to act; no currency, applicability or benefit test; explicitly a proof of concept in a five-page paper.","Crossref (DOI, venue, pages 915-919, 2025)"
"G3-04","R. Weber, D. W. Aha, I. Becerra-Fernandez, 'Intelligent lessons learned systems', Expert Systems with Applications 20(1), pp. 17-34, 2001.","2001","Expert Systems with Applications","https://doi.org/10.1016/s0957-4174(00)00046-4","Tier A - peer-reviewed journal","QL-04","Adjacent-literature search on organisational and case memory; Crossref verification","metadata_and_abstract","Organisations record lessons from experience but those lessons rarely influence later decisions; what process and system design would change that?","One recorded lesson and its application in a later task","Lesson author, verifier, and later decision maker who may apply the lesson","At collection, verification, storage, dissemination and application","not_applicable","not_applicable","NO","PARTIAL - verification implies an approving role, but authority is not modelled","NO","Narrative lesson record with context, cause and recommended action","PARTIAL - the originating cause and reasoning are narrated","PARTIAL - applicability context is described in prose, not enforced","PARTIAL - originating project recorded","NO","NO","NO","NO","NO","NO","YES - reuse in later tasks is the entire purpose","Across projects within the organisation","NO","PARTIAL - lessons pass a verification step before storage","PARTIAL - relevance to the target task drives delivery","NO","NO","Survey of deployed systems plus a process model and design recommendations","Government, military and industrial lessons-learned systems","not_applicable","Passive lesson repositories","Qualitative assessment of system architecture and use","Surveys lessons-learned systems and their lifecycle, finding that recorded lessons do not influence later decisions unless delivery is embedded in the decision process rather than left to search.","POSSIBLE_REFUTER","Organisational memory and lessons-learned systems are a required SQ3 adjacent literature entirely absent from the anchor set. The enforcement-consequence argument the proposal makes for SQ2 and SQ3 is prefigured here. Residual difference: the claim-level unit and the independent target-evidence test.","Lessons are organisation-level narrative records rather than claim-level judgments; no authority binding, expiry, similarity or applicability calculus; no separation of local quirk from transferable limitation on independent evidence.","Crossref (DOI, journal, volume, pages 17-34, 2001)"
"G3-05","D. Leake, M. Whitehead, 'Case Provenance: The Value of Remembering Case Sources', Case-Based Reasoning Research and Development (ICCBR 2007), LNCS, pp. 194-208, 2007.","2007","ICCBR 2007, LNCS","https://doi.org/10.1007/978-3-540-74141-1_14","Tier A - peer-reviewed conference","QL-04","Adjacent-literature search on case-base maintenance and provenance; Crossref verification","metadata_and_abstract","Case-based reasoning systems normally forget where each stored case came from; recording case provenance can improve retrieval and maintenance.","One stored case and its use or retention","Original case author or adapter, implicitly","At case authoring and at maintenance review","not_applicable","not_applicable","NO","NO","NO","Case with provenance metadata recording its derivation and sources","PARTIAL - derivation history","NO","YES - the central contribution","NO","PARTIAL - derivation lineage between cases","NO","NO","PARTIAL - provenance informs which derived cases to retain","NO","YES","Within the case base","NO","PARTIAL - provenance informs confidence in a case","NO","NO","NO","Approach proposal with experimental illustration","CBR benchmark case bases","not_applicable","Provenance-blind retrieval and maintenance","Retrieval and maintenance quality","Shows that retaining case provenance improves both retrieval decisions and case-base maintenance relative to provenance-blind alternatives.","POSSIBLE_REFUTER","Sits between Aamodt and Plaza [53] and Smyth and Keane [54], and narrows the claim that CBR maintenance decides only whole-store competence. Must be cited.","Provenance informs store competence and confidence; it does not decide whether one stored judgment may act in one specific later context under someone's authority, and applies no authorisation, currency or target-evidence test.","Crossref (DOI, pages 194-208, 2007)"
"G3-06","P. Runeson, M. Alexandersson, O. Nyholm, 'Detection of Duplicate Defect Reports Using Natural Language Processing', Proc. 29th International Conference on Software Engineering (ICSE 2007), pp. 499-510, 2007.","2007","ICSE 2007","https://doi.org/10.1109/icse.2007.32","Tier A - peer-reviewed major conference","QL-04","Adjacent-literature search on failure-signature recurrence; Crossref verification","metadata_and_abstract","Large defect repositories accumulate duplicate reports of the same underlying issue; can duplicates be detected automatically from report text?","One incoming defect report, classified as new or a duplicate of a recorded issue","Triager who receives candidate duplicates","At triage, as consumer of the ranked candidate list","not_applicable","not_applicable","NO","NO","NO","Defect report text and duplicate links","NO","NO","PARTIAL - duplicate linkage recorded","NO","NO","NO","NO","PARTIAL - duplicates are subordinated to a master report","NO","YES - the prior report and its resolution are surfaced for the new occurrence","Within one defect repository","NO","NO","NO","NO","NO - establishes only that a recurrence is the same issue, not its cause class","Empirical evaluation on an industrial repository plus a practitioner study","Industrial mobile-platform defect reports","Industrial triage practitioners","Manual triage without duplicate suggestion","Recall of true duplicates within the top-N candidate list","Natural-language similarity detects a substantial share of duplicate defect reports, and a top-N candidate list is useful to triagers in practice.","PARTIAL_PREDECESSOR","Operationalises recurrence detection at industrial scale, so Study 3's contribution must be the diagnostic attribution of a recurrence rather than its detection.","Detection only; no attribution of the recurrence to a general pipeline limitation versus a local cause; no authorisation, currency or benefit test on reuse.","Crossref (DOI, venue, pages 499-510, 2007)"
"X-01","V. C. Hu et al., 'Guide to Attribute Based Access Control (ABAC) Definition and Considerations', NIST Special Publication 800-162, 2014, including updates as of 2 Aug. 2019.","2014","NIST Special Publication","https://doi.org/10.6028/NIST.SP.800-162","Tier A - authoritative standard or guidance","QL-04","Proposal reference [59]; re-verified via Crossref","metadata_and_verified_record","How to define and deploy access control decisions based on attributes of subject, object, action and environment rather than on identity or role alone.","One access request","Subject requesting access","At access-request time","not_applicable","Subject, object, action and environment attributes evaluated against policy","NO - relevance and competence are explicitly outside the policy decision","YES - entitlement to perform an action on an object","YES - by construction, authorisation is independent of fitness or relevance","not_applicable","NO","YES - policies scope permitted actions","NO","NO","NO","PARTIAL - environment attributes can encode time-bounded permissions","YES - attribute or policy change revokes access","NO","NO","not_applicable","not_applicable","YES - the entire subject matter","NO","PARTIAL - environment attributes","NO","NO","Standards guidance; no empirical evaluation","not_applicable","not_applicable","Role-based and discretionary access control","not_applicable","Defines ABAC and its deployment considerations: access decisions computed from subject, object, action and environment attributes against declared rules.","SUPPORTING_BACKGROUND","Supports the proposal's argument that authorisation is decided by policy without reference to relevance. Correctly used in Section 2.4; no change required.","Guidance rather than an evaluated mechanism; no notion of judgment currency or applicability.","Crossref (DOI, report type, 2014)"
"X-02","R. S. Sandhu, E. J. Coyne, H. L. Feinstein, C. E. Youman, 'Role-based access control models', Computer 29(2), pp. 38-47, 1996.","1996","IEEE Computer","https://doi.org/10.1109/2.485845","Tier A - peer-reviewed journal or magazine","QL-04 (pre-2015, snowballing exception)","Adjacent-literature search on organisational authority; Crossref verification","metadata_and_abstract","How to express organisational authority structures as access-control policy through roles, hierarchies and constraints.","One permission assignment","Role holder","At authorisation time","not_applicable","Role membership and role hierarchy","NO","YES - roles as organisational authority","YES - competence is not part of the model","not_applicable","NO","YES","NO","NO","NO","NO","YES","NO","NO","not_applicable","not_applicable","YES","NO","NO","NO","NO","Reference model family definition","not_applicable","not_applicable","Discretionary and mandatory access control","not_applicable","A family of role-based access control models with role hierarchies and separation-of-duty constraints.","SUPPORTING_BACKGROUND","Establishes the foundational vocabulary for organisational authority that GAP-1 must position against. Reinforces the finding that authority modelling is mature prior art.","No competence, no per-claim assessment, no evaluation as a routing policy.","Crossref (DOI, journal, volume, pages 38-47, 1996)"
"X-03","J. Fugener, J. Grahl, A. Gupta, W. Ketter, 'Cognitive Challenges in Human-Artificial Intelligence Collaboration: Investigating the Path Toward Productive Delegation', Information Systems Research 33(2), pp. 678-696, 2022.","2022","Information Systems Research","https://doi.org/10.1287/isre.2021.1079","Tier A - peer-reviewed journal","QL-01","Adjacent-literature search on human-AI delegation; Crossref verification","metadata_and_abstract","When a human and an AI must divide a task, who should delegate to whom, and can humans judge their own relative competence well enough to decide?","One task instance and its delegation","Delegator and performer","At the delegation decision and at task performance","Either the human or the AI","Self-assessed and actual relative performance","YES - relative competence of human and AI, empirically measured","PARTIAL - who holds the delegation right is the experimental manipulation, not a modelled construct","PARTIAL - the study separates who decides from who is better, exactly the distinction GAP-1 rests on","not_applicable","NO","NO","NO","NO","NO","NO","NO","NO","NO","NO","not_applicable","NO","NO","NO","NO","NO","Controlled behavioural experiments","Image classification task instances","Human experimental participants, crowd-recruited","Human-only, AI-only, and AI-delegates-to-human conditions","Joint task accuracy by delegation direction","Humans delegate poorly because they misjudge their own competence relative to the AI; letting the AI hold the delegation decision produced better joint performance than letting the human hold it.","SUPPORTING_BACKGROUND","Empirically supports designing routing as a system decision rather than reviewer self-selection, and evidences the presence-is-not-expertise distinction the proposal draws in Section 2.3.","Two-party delegation between one human and one model; no selection among differentiated reviewers; no authority construct; prediction task rather than contested claim.","Crossref (DOI, journal, volume, pages 678-696, 2022)"
"X-04","B. Kitchenham, S. Charters, 'Guidelines for Performing Systematic Literature Reviews in Software Engineering', Keele University and University of Durham, EBSE Technical Report EBSE-2007-01, version 2.3, 2007.","2007","EBSE Technical Report (Keele University and University of Durham)","no DOI assigned - technical report","Tier B - widely adopted technical report, not peer reviewed as an article","method","Proposal reference [62]","metadata_only_NOT_re_verified_in_this_audit","How to plan, conduct and report a systematic literature review in software engineering.","One review protocol and its execution","Reviewer and second reviewer","Throughout protocol design, screening, extraction and synthesis","not_applicable","not_applicable","NO","NO","NO","not_applicable","not_applicable","not_applicable","not_applicable","PARTIAL - inter-rater disagreement and its resolution are prescribed","not_applicable","not_applicable","not_applicable","not_applicable","not_applicable","not_applicable","not_applicable","not_applicable","not_applicable","not_applicable","not_applicable","not_applicable","Methodological guidance","not_applicable","not_applicable","not_applicable","not_applicable","The reference procedure for systematic literature reviews in software engineering: protocol, search, screening, quality assessment, extraction, synthesis and reporting.","SUPPORTING_BACKGROUND","Governs the protocol audit itself. The proposal's protocol conforms in structure; this audit's recommendations on dual screening, agreement statistics and a frozen amendment log are drawn from it.","Guidance rather than evidence; recommends dual independent screening, which the project currently cannot staff.","NOT RE-VERIFIED IN THIS AUDIT - no DOI; identity taken from the proposal's own reference list"
"X-05","H. P. Zou et al., 'LLM-Based Human-Agent Collaboration and Interaction Systems: A Survey', Findings of the Association for Computational Linguistics: ACL 2026, pp. 36335-36364, 2026.","2026","Findings of ACL 2026","https://doi.org/10.18653/v1/2026.findings-acl.1811","Tier A - peer-reviewed major conference (Findings track)","QL-01","Proposal reference [20]; re-verified via Crossref","metadata_and_verified_record","Systematising the design space of LLM-based human-agent collaboration and interaction systems.","Design choices in a human-agent system","Feedback provider, collaborator and supervisor across the surveyed corpus","Classified by the survey's Feedback Phase dimension; the reported value is post-task","Classified by role, not by assessed competence","Not an axis of the taxonomy","NO - no taxonomy dimension expresses assessed competence","NO","NO","Communication Mode describes a persistent shared artefact within an episode","NO","NO","NO","NO","NO","NO","NO","NO","NO","PARTIAL - within-episode shared artefacts only","Within one episode","NO","NO","NO","NO","NO","Survey with a four-branch taxonomy and companion repository","Ninety unique papers in the companion repository, as screened by the candidate on 25 August 2026","not_applicable","not_applicable","not_applicable","A four-branch taxonomy over LLM-based human-agent systems: human feedback, interaction, orchestration and communication.","SUPPORTING_BACKGROUND","Supplies the coverage-observation basis for Section 2.3.1 and Appendix A. The audit confirms the corpus cannot reach multi-expert deferral or BPM allocation, so its silence is uninformative about GAP-1, which the proposal already states in Appendix A.4.","A curated repository, not a protocol-derived corpus; the candidate's screening of it was single-rater, with the 63 less-relevant dispositions still title-level.","Crossref (DOI, venue, pages 36335-36364, 2026)"
"X-06","M. J. Page et al., 'The PRISMA 2020 Statement: An Updated Guideline for Reporting Systematic Reviews', BMJ 372, art. n71, 2021.","2021","BMJ","https://doi.org/10.1136/bmj.n71","Tier A - peer-reviewed journal (reporting standard)","method","Proposal reference [64]; re-verified via Crossref","metadata_and_verified_record","How systematic reviews should be reported so that readers can appraise their conduct and reproduce their selection.","One review report","Review author and reader","At reporting","not_applicable","not_applicable","NO","NO","NO","not_applicable","not_applicable","not_applicable","not_applicable","not_applicable","not_applicable","not_applicable","not_applicable","not_applicable","not_applicable","not_applicable","not_applicable","not_applicable","not_applicable","not_applicable","not_applicable","not_applicable","Reporting guideline developed by consensus","not_applicable","not_applicable","PRISMA 2009","not_applicable","A 27-item reporting checklist and flow diagram for systematic reviews.","SUPPORTING_BACKGROUND","Fixes the reporting obligation for the executed review. The audit recommends the PRISMA flow diagram be pre-committed with per-family counts before execution.","A reporting standard, not a conduct standard; conformant reporting does not make a review complete.","Crossref (DOI, journal, article n71, 2021)"
